{
  "id": "1392728",
  "name": "superMall",
  "font_family": "iconfont",
  "css_prefix_text": "icon",
  "description": "商城",
  "glyphs": [
    {
      "icon_id": "119107",
      "name": "转发",
      "font_class": "zhuanfa",
      "unicode": "e6c4",
      "unicode_decimal": 59076
    },
    {
      "icon_id": "722180",
      "name": "笑脸、成功",
      "font_class": "xiaolianchenggong",
      "unicode": "e69a",
      "unicode_decimal": 59034
    },
    {
      "icon_id": "792377",
      "name": "kulian-哭脸",
      "font_class": "kuliankulian",
      "unicode": "e6c0",
      "unicode_decimal": 59072
    },
    {
      "icon_id": "1181053",
      "name": "编辑",
      "font_class": "bianji",
      "unicode": "e630",
      "unicode_decimal": 58928
    },
    {
      "icon_id": "1526312",
      "name": "加号",
      "font_class": "jiahao",
      "unicode": "e660",
      "unicode_decimal": 58976
    },
    {
      "icon_id": "1546598",
      "name": "微博",
      "font_class": "weibo",
      "unicode": "e699",
      "unicode_decimal": 59033
    },
    {
      "icon_id": "1638201",
      "name": "删除",
      "font_class": "shanchu",
      "unicode": "e60c",
      "unicode_decimal": 58892
    },
    {
      "icon_id": "4406936",
      "name": "评论",
      "font_class": "pinglun",
      "unicode": "e60b",
      "unicode_decimal": 58891
    },
    {
      "icon_id": "4425828",
      "name": "上拉",
      "font_class": "shangla",
      "unicode": "e797",
      "unicode_decimal": 59287
    },
    {
      "icon_id": "5390965",
      "name": "收藏",
      "font_class": "shoucang",
      "unicode": "e705",
      "unicode_decimal": 59141
    },
    {
      "icon_id": "5391603",
      "name": "商店",
      "font_class": "shangdian",
      "unicode": "e70f",
      "unicode_decimal": 59151
    },
    {
      "icon_id": "5391607",
      "name": "用户信息",
      "font_class": "yonghuxinxi",
      "unicode": "e710",
      "unicode_decimal": 59152
    },
    {
      "icon_id": "5392404",
      "name": "火",
      "font_class": "huo",
      "unicode": "e713",
      "unicode_decimal": 59155
    },
    {
      "icon_id": "5392520",
      "name": "空状态",
      "font_class": "kongzhuangtai",
      "unicode": "e718",
      "unicode_decimal": 59160
    },
    {
      "icon_id": "5405554",
      "name": "发现=坐标",
      "font_class": "faxianzuobiao",
      "unicode": "e732",
      "unicode_decimal": 59186
    },
    {
      "icon_id": "5627928",
      "name": "返回 ",
      "font_class": "fanhui",
      "unicode": "e73c",
      "unicode_decimal": 59196
    },
    {
      "icon_id": "5744584",
      "name": "向上拉",
      "font_class": "xiangshangla",
      "unicode": "e754",
      "unicode_decimal": 59220
    },
    {
      "icon_id": "6234530",
      "name": "下拉",
      "font_class": "xiala",
      "unicode": "e634",
      "unicode_decimal": 58932
    },
    {
      "icon_id": "6742309",
      "name": "微信",
      "font_class": "weixin",
      "unicode": "e686",
      "unicode_decimal": 59014
    },
    {
      "icon_id": "7192326",
      "name": "签到",
      "font_class": "qiandao",
      "unicode": "e609",
      "unicode_decimal": 58889
    },
    {
      "icon_id": "7239850",
      "name": "qq",
      "font_class": "qq",
      "unicode": "e746",
      "unicode_decimal": 59206
    },
    {
      "icon_id": "8575294",
      "name": "首页",
      "font_class": "shouye2",
      "unicode": "e627",
      "unicode_decimal": 58919
    },
    {
      "icon_id": "8575314",
      "name": "分类",
      "font_class": "fenlei",
      "unicode": "e628",
      "unicode_decimal": 58920
    },
    {
      "icon_id": "8575315",
      "name": "购物",
      "font_class": "gouwu",
      "unicode": "e629",
      "unicode_decimal": 58921
    },
    {
      "icon_id": "8575316",
      "name": "我的",
      "font_class": "wode",
      "unicode": "e62a",
      "unicode_decimal": 58922
    },
    {
      "icon_id": "8575377",
      "name": "返回",
      "font_class": "fanhui1",
      "unicode": "e641",
      "unicode_decimal": 58945
    },
    {
      "icon_id": "10809885",
      "name": "向右 箭头",
      "font_class": "icon-right",
      "unicode": "e74b",
      "unicode_decimal": 59211
    },
    {
      "icon_id": "11349096",
      "name": "loading",
      "font_class": "loading",
      "unicode": "e639",
      "unicode_decimal": 58937
    }
  ]
}
